epochs,accuracy,accuracy@3,precision,recall,F1_score,data_type
0,0.5727221807318895,0.8745799103808812,"[0.4661992465466234, 0.7195421095664433, 0.5523604121733638, 0.5032412626831309, 0.5387453874532119, 0.6637710385479978, 0.3796251802016436, 0.6074818929751348, 0.6500144383480653, 0.513462574044019, 0.48438102583861]","[0.34583139264086743, 0.6664983590000843, 0.6425982715359234, 0.4191314553990118, 0.29999999999979454, 0.8109542310242764, 0.5146579804556908, 0.7709950914769503, 0.4319708309344786, 0.6075183179354547, 0.5660207300583299]","[0.3970942146816434, 0.692005241964509, 0.5940721644511517, 0.4573514339303286, 0.3853937522898426, 0.7300179130082876, 0.43694690216602544, 0.6795406272109067, 0.5190223652107553, 0.5565445785198466, 0.5220282621794451]",training
2,0.5921707742096092,0.8878205128205128,"[0.45513644266381015, 0.6611759799831816, 0.666559382040339, 0.4273923347225278, 0.5185497470484667, 0.7188713435153404, 0.7709090909062877, 0.697354403409029, 0.7181398651044664, 0.6429920664901235, 0.7368888888882339]","[0.4673963670237178, 0.8005554152989648, 0.577362698633795, 0.6138497652581438, 0.42123287671204024, 0.7894437600681522, 0.13811074918557778, 0.701026327532289, 0.38821723277674375, 0.542210895189378, 0.3735917079763977]","[0.46118494071256877, 0.7242206230055795, 0.6187630709096164, 0.5039263857953121, 0.4648526072147608, 0.7525065481416192, 0.23425414338845033, 0.6991855440279574, 0.5039860483734361, 0.5883166258428518, 0.4958133966824046]",training
4,0.6215770475479213,0.9071135175504108,"[0.5599195551874411, 0.7250951421534082, 0.5740823634734614, 0.5494904369676742, 0.5891996142713701, 0.7042126789365477, 0.5824742268036233, 0.6692355117138818, 0.5391670425499114, 0.5401404917208881, 0.687277051129199]","[0.36741189256323803, 0.8177227972732094, 0.7150822414271772, 0.46197183098586125, 0.4184931506846449, 0.8157869800056082, 0.44169381107463085, 0.775011155733978, 0.6881596622527943, 0.6858872252307467, 0.5209553853084629]","[0.4436840867021949, 0.768628381086812, 0.6368715078857112, 0.5019447804767074, 0.48938726423161794, 0.755904819943404, 0.5024082988792122, 0.7182498650995789, 0.6046197938083963, 0.6043508766998787, 0.5926685460357026]",training
6,0.6409011700273837,0.9130881254667662,"[0.5080570189029665, 0.6576542979674328, 0.7134775374373665, 0.5727667662231098, 0.6920668058447891, 0.7209359605910738, 0.5780903034784767, 0.6858862664342875, 0.701767126603558, 0.719430858158862, 0.6285714285711341]","[0.5090824406147718, 0.8904317091641276, 0.5977139671032624, 0.4951877934271719, 0.45410958904078486, 0.8320856628446098, 0.5087947882732842, 0.7728692547968966, 0.5563231625406723, 0.5154507805031808, 0.6047769265432155]","[0.5085692123731677, 0.756542256053399, 0.650485436396904, 0.5311595110221485, 0.5483870962952908, 0.772533321105449, 0.5412335407351986, 0.7267844399364447, 0.6206379785260314, 0.6005939119113408, 0.6164446480988923]",training
8,0.6538305949713716,0.923248070699527,"[0.5652886190613312, 0.7030817858552542, 0.6944937833035244, 0.5337324922484193, 0.5313432835817723, 0.7073945025163989, 0.6049848942593617, 0.7588618044089774, 0.6492048643590927, 0.6614481408999799, 0.7574324324319207]","[0.4553640739015327, 0.8985104771520075, 0.654028436018775, 0.5859154929576776, 0.6095890410954728, 0.8657253861460376, 0.5218241042341878, 0.6973672467647749, 0.6658990596813152, 0.6460656259953341, 0.5051825146460094]","[0.5044068957609693, 0.7888728799239826, 0.6736539837070047, 0.5586079556359757, 0.5677830936008729, 0.7785921249524164, 0.5603357812441991, 0.7268161096301142, 0.6574460017735445, 0.6536663975659343, 0.60610975891406]",training
10,0.6577669902912622,0.9243216330594971,"[0.5346398223991017, 0.7224413535393974, 0.761436672967576, 0.5771170006463378, 0.6228143213983157, 0.6896728016359415, 0.7655440414497856, 0.7303577692037241, 0.6658359293871929, 0.6912539515276813, 0.8188914910219993]","[0.5421518397763901, 0.8785660186819292, 0.5614719821576355, 0.5239436619717694, 0.5123287671229367, 0.8948166398179764, 0.38501628664470033, 0.7433288710396481, 0.6152369986565697, 0.6269512583623361, 0.47273546642610514]","[0.5383696275593391, 0.7928913187116827, 0.6463414629258507, 0.5492463852285668, 0.5621946631645923, 0.7789647345052235, 0.5123537056660814, 0.7367862350698793, 0.6395372027721464, 0.6575342460763125, 0.5994285709641408]",training
12,0.6747261638038337,0.9345904904157332,"[0.5905644481886557, 0.6747097242379037, 0.765401146131531, 0.6234740402999523, 0.8415094339612057, 0.7388750301761697, 0.6129032258060219, 0.7175479795934312, 0.5981365510920118, 0.7238163558103573, 0.6694521819866901]","[0.48975314392171326, 0.9389043170914065, 0.5957624756061902, 0.49753521126754724, 0.45821917808187795, 0.8700843362076309, 0.5693811074914857, 0.790807675144954, 0.7514872385337263, 0.6428798980565011, 0.6498422712930826]","[0.5354551236290698, 0.7851789291025968, 0.6700109730143752, 0.5534303800793827, 0.5933481148422916, 0.7991296774841083, 0.5903411004796777, 0.7523987428143533, 0.6660996763221269, 0.680951577028097, 0.6595014858935889]",training
14,0.6804051530993278,0.9333146626835948,"[0.5807352256863207, 0.8519480519478306, 0.8044444444441194, 0.5504267744833164, 0.8068432671072773, 0.7614106133467677, 0.8115942028973745, 0.7617904937701189, 0.5668389439865111, 0.7291666666664002, 0.7350253807102868]","[0.5812761993478822, 0.8280737187576803, 0.5550599386672553, 0.57523474178397, 0.5006849315065064, 0.8552070501278446, 0.3648208469052998, 0.7366354306112685, 0.7787372865091577, 0.6355527237971852, 0.6525461919780746]","[0.5810055860921337, 0.8398412490197937, 0.6568789173655026, 0.5625573916030249, 0.617920540524355, 0.8055877884867044, 0.503370786088516, 0.7490018143821056, 0.6561034756642741, 0.6791489356723341, 0.6913344468635755]",training
16,0.7032922579039084,0.9456839681354244,"[0.6543413028747793, 0.9124223602481638, 0.8095238095234936, 0.554700854700802, 0.7852412488166649, 0.7363798865313798, 0.6480859637336145, 0.7615630673466964, 0.7066240120435252, 0.7138709677417052, 0.6899328859057315]","[0.5247632355223937, 0.741731885887215, 0.5781990521325402, 0.6855633802816097, 0.5684931506845421, 0.8978489529043022, 0.628664495113597, 0.7861668897812775, 0.7205910573784838, 0.7050015928637449, 0.6949076160429496]","[0.5824322572925733, 0.8182704353775371, 0.6745812322344416, 0.6132283459621949, 0.6595152954995801, 0.8091374888301749, 0.6382275127272068, 0.7736694180842845, 0.7135391918989622, 0.7094085585637447, 0.6924113151710022]",training
18,0.7193801344286781,0.9517830470500374,"[0.6877126275764771, 0.8848484848482517, 0.8181493390493683, 0.5584880761616968, 0.7683121019102164, 0.7493702770780266, 0.6255072463764489, 0.7607598186018002, 0.741636436920447, 0.8106815464325187, 0.7262544802864129]","[0.5335351653469543, 0.8477657157281374, 0.6384165040421973, 0.6954225352111859, 0.6609589041091364, 0.902113143181948, 0.7029315960907473, 0.7934850513163058, 0.7061984264055448, 0.647977062758634, 0.7305092383953445]","[0.6008917638023735, 0.8659102625221822, 0.7171938610795776, 0.6194782785586452, 0.7106038286628277, 0.8186782469135886, 0.6619631896853414, 0.7767779131817892, 0.7234837309461416, 0.7202549570130481, 0.7283756454219417]",training
20,0.7315471745083395,0.9541168782673637,"[0.6306586826346802, 0.8316901408448751, 0.7584498834496625, 0.6732619596150328, 0.783570300157359, 0.792904503573513, 0.580164439876372, 0.7552663684423948, 0.7750995598405417, 0.8256955810143921, 0.7150790260569351]","[0.6131811830460633, 0.8944710931580675, 0.7256760524112836, 0.5830985915492273, 0.6794520547940551, 0.8725480905902707, 0.7355048859930062, 0.8287371709057716, 0.7096526578390501, 0.6428798980565011, 0.754393871112774]","[0.6217971420198277, 0.8619389363694456, 0.7417010965224002, 0.6249449645946407, 0.7278063091131503, 0.8308219791094776, 0.648664176467241, 0.790297871841434, 0.7409336801259482, 0.7229088298854223, 0.7342105258158252]",training
22,0.7480862584017924,0.9616784914115011,"[0.7057728119179976, 0.8849840255588698, 0.6783771532183411, 0.6702193580368484, 0.7320261437903712, 0.7950952747158169, 0.8024896265553506, 0.753808314820632, 0.8048886948928841, 0.7756739409496869, 0.6958904109586318]","[0.5884179475236307, 0.8391820247410151, 0.8344020072481644, 0.6347417840374842, 0.7671232876707075, 0.881739789633196, 0.6299674267096873, 0.8479250334671264, 0.7077336403759915, 0.7699904428159382, 0.8012618296526357]","[0.641774616386624, 0.8614746658212388, 0.7483435424479994, 0.6519983116348379, 0.7491638790984351, 0.8361790074092397, 0.7058394155651314, 0.7981015577359404, 0.753191054336995, 0.772821742105675, 0.7448680346927804]",training
24,0.7540608663181478,0.9636700273836196,"[0.7221093372036069, 0.946768060836225, 0.7599376461416576, 0.6833912260387645, 0.8239095315017577, 0.8071262587141056, 0.7335932423646955, 0.7480456535333999, 0.6919664078591836, 0.7407519708912248, 0.7727489280606132]","[0.5793355069088201, 0.8172178742739669, 0.8154446612766056, 0.6234741784036827, 0.6986301369858229, 0.888657253861377, 0.7355048859930062, 0.8539937527888573, 0.8380349261176668, 0.778273335456904, 0.7309598918428432]","[0.6428909845600173, 0.8772357718601826, 0.7867132862136959, 0.6520591660141973, 0.7561156407185401, 0.8459318053823712, 0.7345478199289309, 0.7975163557133134, 0.7580281196224605, 0.7590492460434901, 0.7512737373416315]",training
26,0.7696664177246701,0.9688666915608664,"[0.7009667376699409, 0.9196775986656699, 0.7368421052629816, 0.7100513766301264, 0.8701082431299999, 0.8558481205875924, 0.8368237347287637, 0.7702312138727705, 0.748424369747768, 0.7895752895750355, 0.7079475308639244]","[0.6641825803446154, 0.8353951022466964, 0.8586562587117762, 0.6326291079811464, 0.7157534246570441, 0.8500900217946697, 0.6247557003253259, 0.8562248995983172, 0.8203799654575281, 0.7817776361896204, 0.82694907616006]","[0.6820790811329617, 0.8755126334472106, 0.7930990081289494, 0.6691080623158057, 0.7854190149118879, 0.852959352958446, 0.715404699248896, 0.8109547351422571, 0.7827519907121142, 0.7856571149151601, 0.7628351689061388]",training
28,0.7658856111526015,0.9691778690565098,"[0.7700895208003401, 0.8615884811888384, 0.8300985368764318, 0.6552771450265045, 0.8306451612896527, 0.8402613904519114, 0.7804175665941105, 0.6847716757191252, 0.8051507286882001, 0.8451912763672345, 0.9115159401425429]","[0.567613724576885, 0.9366321635948153, 0.7750209088372526, 0.7090375586853628, 0.7054794520543113, 0.8772860797876549, 0.7061889250809732, 0.911378848728165, 0.7739397428515113, 0.7531060847401233, 0.6313654799456371]","[0.6535281757637986, 0.8975444533533208, 0.8016147630528374, 0.6810981448301995, 0.7629629624657173, 0.8583746691955771, 0.7414500679001921, 0.7819894320852534, 0.7892367901066943, 0.7964959563747067, 0.7460063892924456]",training
30,0.8036936768732885,0.976988424197162,"[0.7740422896575445, 0.883901292596737, 0.8019297775393187, 0.7433672827862764, 0.7443653618026427, 0.8390082067399303, 0.717280453257384, 0.805259240883089, 0.8491242878242563, 0.8165661694697504, 0.8286647992526477]","[0.6791647259741749, 0.9495077000754988, 0.8341232227485826, 0.693896713614942, 0.8595890410953017, 0.9106415237372395, 0.8247557003251956, 0.8690763052208059, 0.7722126271347587, 0.8196877986617331, 0.7999098693101397]","[0.7235063050633698, 0.9155306713602032, 0.8177097562641134, 0.7177806101967961, 0.7978385246133255, 0.8733584763490343, 0.7672727267746912, 0.8359515833275925, 0.80884422060649, 0.8181240058590422, 0.8140334780597458]",training
32,0.8007219317898929,0.9766928055763007,"[0.737757473751644, 0.8769230769228724, 0.8672727272724645, 0.7099552187391537, 0.6757311441761541, 0.8792546111427192, 0.8633387888699973, 0.8579621487286505, 0.7958618141509706, 0.7665722379601227, 0.7668609492086732]","[0.7145629560626677, 0.94976016157512, 0.7978812378029557, 0.7257042253520275, 0.9020547945199301, 0.8763384819481781, 0.687296416937663, 0.8010709504684693, 0.8267127230856214, 0.8620579802482121, 0.8301036502925506]","[0.725974998514227, 0.9118894674438535, 0.8311311160971131, 0.7177433392178941, 0.7726606037926157, 0.8777941241261816, 0.765324627724968, 0.8285410988682135, 0.8109939754036425, 0.8115159689121816, 0.7972300362890129]",training
34,0.8025734378889718,0.9769728653223799,"[0.7642276422763566, 0.9263771186438224, 0.844407064760066, 0.728661812104485, 0.8286666666661142, 0.8624548736461315, 0.7306397306393206, 0.7595154415612981, 0.882963662104558, 0.9425337396600163, 0.7235294117644399]","[0.685918335662111, 0.8831103256751116, 0.8396989127402176, 0.716431924882545, 0.8513698630131155, 0.9055244954040647, 0.8482084690548221, 0.9064703257473532, 0.7180963346765077, 0.6897100987573463, 0.8868859846773831]","[0.722958598748658, 0.9042264438583305, 0.842046407103906, 0.7224951169764253, 0.8398648643643887, 0.883465076003705, 0.7850467284742616, 0.826511513866261, 0.7920414853766549, 0.796541574198973, 0.7969224534428662]",training
36,0.8045027383619616,0.9791511077918845,"[0.7328687572589444, 0.9020328190054122, 0.7768208661415411, 0.8151029006642658, 0.9100932994055045, 0.8405559392264468, 0.7087004405282441, 0.8436001809135374, 0.7369858611824008, 0.8671793079339856, 0.8107758620686161]","[0.7347461574289136, 0.9298157031050417, 0.8801226651795706, 0.5903755868543907, 0.7349315068488117, 0.9226760162985954, 0.8384364820841443, 0.8323070058009074, 0.8802533103049548, 0.7903791016244694, 0.8476791347449988]","[0.7338062560414021, 0.9157135748355413, 0.8252516005996234, 0.684772989778839, 0.8131868126918659, 0.8797036630507182, 0.7681289162443287, 0.8379155430758684, 0.8022737205357031, 0.8269999995007977, 0.8288169195263199]",training
38,0.8228155339805825,0.9823095593726662,"[0.8157069029161299, 0.9259166874529993, 0.8779069767439308, 0.8002803083390608, 0.8717034925154158, 0.8647167977378399, 0.7897340754478728, 0.8114174188825883, 0.7200309358080865, 0.8235471243598845, 0.80139802631546]","[0.6861512187547985, 0.9371370865940578, 0.8419291887368715, 0.6701877934271514, 0.8376712328761385, 0.9273192457120318, 0.8319218241036925, 0.8904953145916207, 0.8933026290537529, 0.8712965912708279, 0.8783235691749084]","[0.7453410906580553, 0.9314930986214908, 0.8595417669683105, 0.7294793990566787, 0.8543485848995315, 0.8949245536843418, 0.810279187317083, 0.8491192233968459, 0.7973621098173813, 0.8467492255063266, 0.83809933297736]",training
40,0.8254605426935524,0.9835542693552403,"[0.7545600244218305, 0.945216461784889, 0.8459616985842782, 0.7487573964496155, 0.8254810882542631, 0.872644515247986, 0.8348887293604919, 0.8339264531434643, 0.8829619626376585, 0.8437206388973242, 0.8790833739634915]","[0.767505045800282, 0.8929563241603401, 0.8497351547251604, 0.7426056338027297, 0.8520547945199644, 0.9083672889224952, 0.7576547231265423, 0.878357875948159, 0.7528305507578673, 0.8582351067216125, 0.8125281658401026]","[0.760977486511715, 0.9183435020316469, 0.8478442275943425, 0.7456688268422894, 0.83855746495288, 0.8901476455211046, 0.7943989066044584, 0.8555656968967068, 0.8127201155170832, 0.8509159818118333, 0.8444964866198164]",training
42,0.8436333084391336,0.9858881005725666,"[0.7891780713550518, 0.9528907922909655, 0.9234163252439573, 0.7987086973033549, 0.8357733927429435, 0.8827276805741693, 0.7858851674636448, 0.8323560987694415, 0.8242314647376447, 0.8887059598284858, 0.9357589539505766]","[0.7744139108833431, 0.8987629386516287, 0.8168385837745145, 0.7404929577463919, 0.8993150684925347, 0.9322467544773114, 0.8560260586313642, 0.8995091477018384, 0.874688159662085, 0.859827970691029, 0.7417755745828113]","[0.781726285594878, 0.9250357277059813, 0.8668639048270627, 0.768499908143048, 0.8663807319316396, 0.9068116872134419, 0.8194574363572771, 0.8646306935042806, 0.8487105478663569, 0.8740284969091796, 0.8275515329401563]",training
44,0.8525485436893204,0.9875529001742595,"[0.8331299040975734, 0.8609139307895162, 0.8899270072990102, 0.7617803895961734, 0.8382445141060575, 0.8894827430020029, 0.8985831469046245, 0.8591549295773914, 0.9004017762738632, 0.9170442662945566, 0.8340301003340995]","[0.7418102779070996, 0.979803080030048, 0.8497351547251604, 0.8215962441313589, 0.915753424656907, 0.9304463185823054, 0.7850162866444398, 0.898259705488541, 0.8171176357703286, 0.8381650207069646, 0.8990536277598472]","[0.7848226013413011, 0.9165190690496319, 0.8693667992718386, 0.7905584725934018, 0.8752864152123508, 0.9095035193223253, 0.8379694014488411, 0.8782722508090713, 0.8567404421569387, 0.8758322232024492, 0.865322055453484]",training
46,0.8309839432412248,0.9863548668160319,"[0.8787454192712999, 0.8906505012821424, 0.862722898386396, 0.7601228389444085, 0.9409209383136916, 0.7873448751339982, 0.7274159663861726, 0.830848623853143, 0.8866388308975184, 0.8558330698701057, 0.8824644549758851]","[0.6328986182269343, 0.9644029285531521, 0.8497351547251604, 0.7843896713614102, 0.7417808219173001, 0.9739410594142922, 0.9022801302925718, 0.9052208835340557, 0.8150067165609642, 0.8623765530420955, 0.8391167192425241]","[0.7358303244229059, 0.9260606055611719, 0.8561797747806872, 0.7720656187236941, 0.8295672151325642, 0.8707586727804143, 0.8054667049429152, 0.8664417199125807, 0.8493150679938668, 0.8590923511341363, 0.8602448597447798]",training
48,0.8700678366940503,0.9902757032611401,"[0.8291771586385485, 0.9299582206928164, 0.8928970917223454, 0.8048189993081848, 0.8707528314451227, 0.888938447814372, 0.8813998703818008, 0.8788798335355575, 0.8994035785286482, 0.9185733512782912, 0.9352051835848082]","[0.7924235367178394, 0.9553143145667874, 0.8901589071645135, 0.8193661971830024, 0.8952054794514417, 0.9442812470386672, 0.8859934853414424, 0.9046854082997854, 0.868163500287686, 0.8697037273014113, 0.7805317710676969]","[0.8103838362802503, 0.9424657529245132, 0.8915258964702952, 0.8120274509364932, 0.8828098610327653, 0.9157744791217471, 0.883690707751541, 0.8915959359967938, 0.8835074694736189, 0.8934707898780878, 0.8508965851091477]",training
50,0.8665515309932785,0.9901512322628827,"[0.8061761341974223, 0.9147378365609553, 0.9056658878502027, 0.8394430961807587, 0.9242424242417574, 0.9051329055911177, 0.768978700163425, 0.8720387342209172, 0.8892005610096394, 0.870928088506186, 0.9549653579671161]","[0.8207576463281462, 0.9777833880330781, 0.8645107332029929, 0.7713615023473273, 0.8773972602733716, 0.9357528664833757, 0.9172638436476109, 0.9001338688084872, 0.8516599501053824, 0.9028352978652746, 0.7453808021628007]","[0.8134015458322467, 0.9452104937041068, 0.8846098982305841, 0.8039635446717532, 0.9002108217063112, 0.9201882304090588, 0.836601306692912, 0.8858635979366557, 0.8700254846990423, 0.8865947124671923, 0.8372563902943152]",training
52,0.8578230022404779,0.9894822006472492,"[0.803777382150259, 0.937202902176398, 0.8112887596897259, 0.8010245663056466, 0.8865345181128595, 0.9378211716340249, 0.7734899328854734, 0.8581416898322922, 0.9056399132319076, 0.8700406123083817, 0.9225708502019623]","[0.8060860114888366, 0.9457207775811801, 0.9336492890992658, 0.8075117370891071, 0.8883561643829532, 0.864683028522613, 0.9009771986964814, 0.9091477019187051, 0.8011897908269427, 0.887225230964993, 0.8215412347900759]","[0.8049300409711994, 0.941442573010706, 0.8681788718288699, 0.8042550699306813, 0.8874444059311414, 0.8997682783549473, 0.8323803786778411, 0.8829086491796604, 0.8502189181454219, 0.8785488953988244, 0.8691299160686055]",training
54,0.864279935275081,0.9901979088872293,"[0.8328453108005661, 0.9378928840832442, 0.8401199100672395, 0.7971611721610808, 0.9083032490968171, 0.8929480189021362, 0.8729096989960716, 0.8636825181925145, 0.909947643978867, 0.8872785829304711, 0.9109351806032108]","[0.7727837292345309, 0.9416813935872401, 0.9375522720934102, 0.8173708920186834, 0.8616438356158482, 0.9311096370699392, 0.8501628664489576, 0.910932619366273, 0.833813087698938, 0.8776680471484939, 0.829652996845052]","[0.8016911611676372, 0.939783320235467, 0.8861660074064068, 0.8071395451652607, 0.8843585232255605, 0.9116296325659596, 0.8613861381133798, 0.8866785383527293, 0.8702183051286577, 0.8824471487630249, 0.868396225915775]",training
56,0.8893141647996017,0.9938542444610405,"[0.8526125275416389, 0.9560050568897709, 0.8538328814392768, 0.9053237814298489, 0.8937418513683874, 0.9227706269098136, 0.8806064434612252, 0.8381272471470347, 0.9385946402192574, 0.9469798657714943, 0.9530938123747739]","[0.841096103089517, 0.9545569300679236, 0.9657095065511665, 0.7564553990609441, 0.9390410958897678, 0.9442812470386672, 0.9081433224749784, 0.9569834895135245, 0.853578967568441, 0.899012424338675, 0.8607480847224602]","[0.8468151616726807, 0.9552804441687837, 0.9063317629762737, 0.8242214970421129, 0.915831662826347, 0.9334020227296529, 0.8941629244514373, 0.8936205670257642, 0.8940703512597393, 0.9223729362544077, 0.9045702102515186]",training
58,0.8843508837440877,0.9926873288523774,"[0.8605847762168523, 0.9396105496670102, 0.8873239436617361, 0.7712278558337639, 0.9039623908657461, 0.9066390041492958, 0.9404945904165839, 0.9084232478011689, 0.9615653389236054, 0.9201938610659386, 0.9366666666662207]","[0.8179630492158967, 0.9623832365561822, 0.9308614441034483, 0.8890845070421491, 0.9219178082185466, 0.952430588458168, 0.7928338762209819, 0.8941543953591348, 0.7921704087505675, 0.9072953169796408, 0.8864353312298845]","[0.8387327862550116, 0.9508605632314384, 0.9085714280714681, 0.8259731758190795, 0.9128518136737256, 0.9289708391878184, 0.8603746902064492, 0.9012323463561165, 0.8686868681913507, 0.9136990691179543, 0.9108589946377212]",training
0,0.5560811651935765,0.865803560313706,"[0.4538526672307757, 0.664516129030829, 0.5267857142847736, 0.48729281767901955, 0.4787234042502263, 0.6625077978785636, 0.3347107438002698, 0.6042810098789219, 0.5883777239695197, 0.4805491990835685, 0.4630225080370964]","[0.3388116308468149, 0.6255060728732277, 0.6120331950194772, 0.3994565217387686, 0.29032258064328825, 0.8027210884347674, 0.4525139664779189, 0.7814052519511843, 0.376160990711492, 0.5440414507757927, 0.5274725274705954]","[0.3879840747907431, 0.6444212716576118, 0.5662188094825211, 0.43902438974837127, 0.3614457826596345, 0.7259056727781767, 0.38479809927183894, 0.6815227478828636, 0.4589235122712128, 0.5103280675444222, 0.49315068443193494]",validation
2,0.5685298145151251,0.8725258309473423,"[0.4302045728035919, 0.6172006745352155, 0.6024390243887745, 0.41307277628004513, 0.4324324324295106, 0.7073002754816066, 0.7307692307411242, 0.6804613297145994, 0.6886792452808532, 0.6050955413993468, 0.6842105263112881]","[0.45195954487961315, 0.7408906882576095, 0.5124481327790198, 0.5552536231879028, 0.41290322580378774, 0.776266061979761, 0.10614525139605506, 0.7118523775722414, 0.3390092879251718, 0.4922279792733362, 0.38095238095098555]","[0.44081380961100636, 0.6734130629803693, 0.553811658694841, 0.47372488359078463, 0.4224422437219009, 0.7401801796807272, 0.18536585343524095, 0.6958029825035869, 0.45435684602997106, 0.5428571423608817, 0.4894117642441079]",validation
4,0.5757500311216233,0.8811153989792108,"[0.4882629107976636, 0.6547842401488654, 0.5143824027064055, 0.5192307692301819, 0.45283018867497327, 0.6782945736429726, 0.4656488549582775, 0.6509661835744861, 0.4879227053134204, 0.4754098360645996, 0.5911330049231964]","[0.32869785082153685, 0.7064777327920921, 0.6307053941895628, 0.4157608695648408, 0.3096774193528408, 0.7936507936501938, 0.34078212290312415, 0.7650816181683712, 0.6253869969030567, 0.6010362694284948, 0.43956043955882945]","[0.3928976194658871, 0.6796494639589886, 0.5666356006224632, 0.46177062324811347, 0.36781609146882754, 0.7314524550929479, 0.39354838660622277, 0.703425774380439, 0.5481682491676659, 0.530892448018181, 0.5042016801809636]",validation
6,0.5811029503298892,0.8842275613095979,"[0.43630769230742383, 0.5731523378573558, 0.6185567010293337, 0.5167785234893548, 0.5714285714227405, 0.6834300451317321, 0.43209876542943154, 0.6600372902419763, 0.6227897838887568, 0.6349809885907416, 0.5350553505515312]","[0.4481668773701339, 0.7692307692292121, 0.49792531120228645, 0.41847826086918616, 0.3612903225783143, 0.8012093726373385, 0.3910614525117818, 0.7537260468411968, 0.49071207430264596, 0.4326424870455113, 0.5311355311335856]","[0.4421577793563779, 0.6568712181785037, 0.5517241374356031, 0.4624624619675231, 0.4426877465574529, 0.7376478770252499, 0.4105571842495679, 0.7037773354858247, 0.5489177484238331, 0.5146379039847864, 0.5330882347921645]",validation
8,0.5804805178638118,0.8770073447030997,"[0.47094801223205585, 0.608974358973383, 0.5771812080524, 0.47576301615756217, 0.39459459459246166, 0.6695174098957425, 0.42483660130441286, 0.7101769911499187, 0.5499254843508943, 0.5439560439545496, 0.6609195402260867]","[0.3893805309732052, 0.7692307692292121, 0.535269709542458, 0.4800724637676811, 0.4709677419324454, 0.8284202569910594, 0.3631284916180831, 0.6834634492543056, 0.571207430339673, 0.5129533678743188, 0.42124542124387826]","[0.42629757735887075, 0.679785330453666, 0.5554359521367582, 0.47790802474755034, 0.4294117642072492, 0.7405405400456666, 0.3915662645609487, 0.6965641947980524, 0.5603644641918121, 0.5279999994990221, 0.5145413865468322]",validation
10,0.5769948960537782,0.8814888584588572,"[0.443292682926559, 0.595637583891618, 0.6094674556194987, 0.4963119072702884, 0.46052631578644393, 0.6385885031299724, 0.5135135135065741, 0.6984679665733298, 0.593309859153885, 0.5386740331476833, 0.6894409937845377]","[0.45954487989857173, 0.7186234817799219, 0.4273858921152959, 0.42663043478222223, 0.4516129032228928, 0.8480725623576356, 0.21229050279211012, 0.7118523775722414, 0.5216718266245794, 0.5051813471489504, 0.4065934065919173]","[0.4512725010517131, 0.6513761462921741, 0.5024390239044377, 0.4588407203986524, 0.45602605812899877, 0.7285714280808832, 0.30039525650074206, 0.7050966603079852, 0.5551894558438183, 0.5213903738306715, 0.5115207368581303]",validation
12,0.5712685173658658,0.8801195070334868,"[0.45427509293646523, 0.5558739255006363, 0.6053333333317191, 0.5055079559357338, 0.595238095231009, 0.672761664564519, 0.3895348837186655, 0.6670926517567622, 0.5031685678067134, 0.5552238805953575, 0.5205992509343798]","[0.3862199747153058, 0.785425101212985, 0.47095435684549597, 0.3740942028982119, 0.3225806451592092, 0.8065003779283397, 0.3743016759755626, 0.7409510290981257, 0.6145510835903799, 0.4818652849728449, 0.5091575091556442]","[0.4174923124514041, 0.6510067109229483, 0.5297549586664179, 0.4299843826444972, 0.4184100413816285, 0.7335854240480995, 0.3817663812644053, 0.7020847338653958, 0.5533101040338108, 0.5159500688491981, 0.5148148143129698]",validation
14,0.56977467944728,0.8687912361508776,"[0.43525179856089014, 0.6901709401694655, 0.6261980830650921, 0.4566037735844749, 0.617977528082944, 0.6832339297543517, 0.47058823528719723, 0.6992857142852148, 0.4824063564126193, 0.5457317073154093, 0.5903614457807617]","[0.4589127686469918, 0.6538461538448302, 0.40663900414853393, 0.43840579710105215, 0.3548387096751301, 0.7792894935746189, 0.17877094971967167, 0.6948190205814799, 0.6578947368410869, 0.4637305699469852, 0.5384615384595661]","[0.44676923026930593, 0.6715176710166406, 0.4930817605276437, 0.4473197776883331, 0.45081967166403525, 0.728107344134411, 0.25910931133976955, 0.6970452113186616, 0.5566470198123573, 0.5014005597259845, 0.5632183903034967]",validation
16,0.5670359765965393,0.869911614589817,"[0.4605160281466298, 0.7250673854427896, 0.5777126099689803, 0.4377387318560445, 0.4803921568580354, 0.6587009803917533, 0.37078651685184955, 0.6763317599455992, 0.56656804733644, 0.5340314136111675, 0.524999999998125]","[0.3723135271805485, 0.5445344129543633, 0.40871369294521015, 0.5190217391299646, 0.316129032256025, 0.8125472411180555, 0.36871508379682283, 0.7118523775722414, 0.5928792569650265, 0.5284974093250557, 0.5384615384595661]","[0.41174414490902533, 0.621965317427747, 0.4787363300116901, 0.47492747567395693, 0.3813229567167406, 0.7275803717553979, 0.3697478986575964, 0.6936376205233609, 0.5794251129638287, 0.53124999949863, 0.5316455691184105]",validation
18,0.5634258682932902,0.8700361010830325,"[0.46425765907269106, 0.6682242990638593, 0.6082191780805254, 0.4285714285711029, 0.44370860926858474, 0.652014652014254, 0.333333333331675, 0.6730515191541129, 0.5514333895437581, 0.5929824561382703, 0.5427509293660121]","[0.3735777496837082, 0.5789473684198807, 0.460580912862115, 0.5108695652169286, 0.4322580645133403, 0.8072562358270542, 0.3743016759755626, 0.7232079488994158, 0.5061919504636128, 0.43782383419575693, 0.5347985347965758]","[0.4140105073864776, 0.6203904550326697, 0.5242030691659177, 0.4661157019827909, 0.4379084962292495, 0.7213779123724461, 0.3526315784471884, 0.6972288739442325, 0.5278450358196753, 0.503725781924134, 0.5387453869519138]",validation
20,0.5687787875015561,0.865554587327275,"[0.4285714285711589, 0.6328871892913329, 0.5739910313888476, 0.4983818770221161, 0.45578231292206955, 0.6876675603212549, 0.3205128205114508, 0.6649417852518338, 0.586879432623073, 0.5919117647037062, 0.5153583617729851]","[0.4304677623258973, 0.6700404858286032, 0.5311203319491056, 0.41847826086918616, 0.4322580645133403, 0.7755102040810465, 0.4189944134054805, 0.7295954577709514, 0.5123839009279995, 0.4170984455947744, 0.5531135531115271]","[0.42951750186491605, 0.6509341194597951, 0.5517241374305979, 0.4549483008327439, 0.44370860876893564, 0.7289520421300585, 0.3631961254150989, 0.6957698810572873, 0.5471074375179209, 0.4893617016411803, 0.5335689040923784]",validation
22,0.5650441927050915,0.8648076683679821,"[0.44996293550745, 0.6912114014235363, 0.4766505636063178, 0.471999999999528, 0.4213483146043745, 0.6815456362420509, 0.4469696969663109, 0.6445409429276399, 0.6209523809511982, 0.522427440631867, 0.4857142857127438]","[0.3836915297089863, 0.5890688259097387, 0.6141078838161533, 0.42753623188367074, 0.4838709677388138, 0.773242630384903, 0.32960893854564466, 0.7374024130583837, 0.504643962847516, 0.5129533678743188, 0.5604395604375075]","[0.41419310765709066, 0.636065573272284, 0.5367180412114098, 0.4486692010217077, 0.45045044995013034, 0.7245042487932579, 0.37942122137393125, 0.6878517042353343, 0.5567890686760357, 0.5176470583222179, 0.5204081627660869]",validation
24,0.5576994896053779,0.8584588572139923,"[0.44769230769196333, 0.6989247311809169, 0.5347912524840263, 0.48559670781843045, 0.45801526717207625, 0.6774847870177975, 0.3636363636344191, 0.6253026634378781, 0.5136186770421354, 0.49135802469014483, 0.5325670498063887]","[0.3678887484194893, 0.5263157894726188, 0.5580912863058961, 0.42753623188367074, 0.38709677419105104, 0.7573696145118992, 0.3798882681543023, 0.7331440738106934, 0.6130030959742833, 0.5155440414494417, 0.5091575091556442]","[0.40388618965023904, 0.6004618932729706, 0.5461928929001334, 0.45472061607191094, 0.4195804190810065, 0.7152034256252363, 0.3715846989517603, 0.6749428286435137, 0.5589273107239913, 0.5031605557569178, 0.5205992504346323]",validation
26,0.5553342462342836,0.8602016681190091,"[0.4165067178500214, 0.683574879225402, 0.5071942446034043, 0.4798728813554239, 0.4369747899122943, 0.7005307050790747, 0.4873949579790975, 0.6426351771282519, 0.5425219941341018, 0.5253333333319324, 0.47147147147005564]","[0.41150442477850097, 0.5728744939259659, 0.5850622406626866, 0.4103260869561501, 0.3354838709655775, 0.6984126984121705, 0.3240223463669049, 0.7338537970186417, 0.5727554179557698, 0.510362694299196, 0.5750915750894685]","[0.4139904605490396, 0.6233480171236537, 0.5433526006575636, 0.44238281200261975, 0.3795620433014812, 0.6994700979097668, 0.38926174448409984, 0.6852220008271228, 0.5572289151621789, 0.5177398155302813, 0.5181518146847095]",validation
28,0.5491099215735092,0.8547242624175277,"[0.45642795513334217, 0.6528599605509806, 0.5536992840082251, 0.4340101522838968, 0.41007194244309303, 0.679442508710328, 0.3311688311666807, 0.5697252462412806, 0.5589743589734034, 0.5214899713452107, 0.657142857139102]","[0.33438685208575575, 0.6700404858286032, 0.48132780082887694, 0.4646739130430574, 0.36774193548149847, 0.7369614512466085, 0.28491620111572674, 0.7799858055352874, 0.5061919504636128, 0.4715025906723536, 0.42124542124387826]","[0.3859905139224252, 0.6613386608374244, 0.5149833513326, 0.4488188971379848, 0.3877551015396594, 0.7070340821689122, 0.3063063058072848, 0.6584781301288753, 0.531275385365515, 0.4952380947380147, 0.5133928566644909]",validation
30,0.5545873272749907,0.8534793974853728,"[0.4323550465279654, 0.6347992351804306, 0.5371549893831483, 0.4568527918777088, 0.33023255813799895, 0.6797297297292705, 0.3446601941730842, 0.659235668789389, 0.5589836660606915, 0.4999999999986842, 0.5294117647038062]","[0.38179519595424666, 0.6720647773265748, 0.524896265559077, 0.4076086956518047, 0.458064516126077, 0.7603930461067571, 0.39664804469052156, 0.7345635202265901, 0.47678018575777587, 0.4922279792733362, 0.49450549450368314]","[0.4055052025899407, 0.652900687798041, 0.5309548788273888, 0.430828146940176, 0.3837837832948576, 0.7178023541211065, 0.368831168331712, 0.6948640478393625, 0.5146198825432252, 0.49608355041257357, 0.5113636358622804]",validation
32,0.5483630026142163,0.8460102078924436,"[0.4182389937104288, 0.6168224299053892, 0.5579710144914058, 0.4448598130836964, 0.3449612403087405, 0.7156937073535135, 0.4201680672233599, 0.6938775510198837, 0.5281582952807791, 0.46255506607827634, 0.4931972789098871]","[0.42035398230061927, 0.6680161943306315, 0.4792531120322007, 0.4311594202894645, 0.5741935483833923, 0.7135298563864599, 0.279329608936987, 0.6515259048966278, 0.5371517027855462, 0.5440414507757927, 0.5311355311335856]","[0.4192938204329041, 0.6413994164091681, 0.5156249995017288, 0.4379024834003634, 0.4309927356064936, 0.7146101433298917, 0.33557046931667495, 0.6720351385922436, 0.5326170371047438, 0.4999999995020862, 0.5114638442960598]",validation
34,0.5430100834059505,0.8504917216482012,"[0.413234301147594, 0.7025761124105326, 0.5226781857440115, 0.43129770992325256, 0.38323353293183693, 0.6847977684792993, 0.345971563979403, 0.6065192083814863, 0.5761316872416129, 0.6129032258039803, 0.4657142857129551]","[0.3868520859668857, 0.6072874493914833, 0.5020746887956389, 0.40942028985470164, 0.41290322580378774, 0.7422524565376097, 0.407821229048001, 0.7395315826822288, 0.433436532507069, 0.39378238341866895, 0.59706959706741]","[0.3996082267284904, 0.6514657975468339, 0.5121693116684303, 0.4200743489423274, 0.3975155274485359, 0.7123685160037395, 0.37435897386042083, 0.6664534692837973, 0.49469964615222434, 0.4794952676609777, 0.5232744778366162]",validation
36,0.5386530561434084,0.8472550728245986,"[0.40398550724613286, 0.6175869120641767, 0.4746376811585604, 0.47198879551754624, 0.4999999999959677, 0.6584553928091489, 0.34594594594407596, 0.6638418079091357, 0.4900398406367994, 0.5197740112979667, 0.5173611111093147]","[0.42288242730693876, 0.6113360323874265, 0.5435684647291628, 0.3052536231881293, 0.39999999999741936, 0.7475434618286111, 0.35754189943934334, 0.6671398154714925, 0.571207430339673, 0.47668393782259927, 0.5457875457855466]","[0.413218035324589, 0.6144455742698717, 0.5067698254200734, 0.3707370732299726, 0.4444444439474313, 0.7001769906519543, 0.3516483511465554, 0.6654867251632487, 0.5275196563999547, 0.4972972967968882, 0.5311942953986419]",validation
38,0.5422631644466576,0.8504917216482012,"[0.42507204610920385, 0.6535087719283914, 0.5520361990937737, 0.444314185228084, 0.42763157894455506, 0.6694329183951111, 0.35714285714089483, 0.6348704990520311, 0.49360613810678566, 0.47757847533525205, 0.4719471947179144]","[0.37294563843212836, 0.60323886639554, 0.5062240663889912, 0.3432971014489644, 0.41935483870697193, 0.7316704459556073, 0.3631284916180831, 0.7132718239881382, 0.5975232198133166, 0.5518134715011611, 0.5238095238076051]","[0.39730639680826313, 0.6273684205521108, 0.5281385276383219, 0.387327541664191, 0.42345276822693084, 0.6991693747261948, 0.3601108028221392, 0.6717914433515093, 0.5406162460023773, 0.5120192302706003, 0.4965277772774101]",validation
40,0.5384040831569775,0.8435204780281339,"[0.41601912731594975, 0.6620046620031189, 0.5064102564091744, 0.42587346553312005, 0.37777777777567906, 0.6860795454540581, 0.36241610738011804, 0.6360634081898044, 0.5676767676756209, 0.4657210401880243, 0.544680851061512]","[0.4399494310995955, 0.5748987854239375, 0.4917012448122579, 0.40851449275325313, 0.4387096774165245, 0.7301587301581782, 0.301675977651946, 0.6834634492543056, 0.4349845201231657, 0.510362694299196, 0.4688644688627514]","[0.4276497690853815, 0.6153846148857616, 0.4989473679201108, 0.41701340680450033, 0.40597014875409226, 0.7074331741612624, 0.32926829218510195, 0.6589120761337899, 0.4925503938987788, 0.48702101309687523, 0.5039370073748295]",validation
42,0.5318062990165567,0.8456367484127972,"[0.39199029126189805, 0.669047619046026, 0.5452127659559968, 0.428857715430432, 0.39080459769890347, 0.6662040249821887, 0.32748538011504397, 0.625798212004709, 0.5192307692300011, 0.5013404825723825, 0.5789473684180055]","[0.40834386852060156, 0.5688259109300227, 0.4253112033186197, 0.3876811594199387, 0.4387096774165245, 0.7256235827658915, 0.3128491620094254, 0.6955287437894283, 0.543343653249933, 0.48445595854796775, 0.402930402928927]","[0.3999999994999611, 0.6148796493925227, 0.47785547736199546, 0.40723120787386213, 0.41337385968152557, 0.6946454408896996, 0.31999999949843266, 0.6588235289127143, 0.5310136152331909, 0.4927536226872541, 0.4751619865550523]",validation
44,0.5413917589941492,0.8440184240009959,"[0.4242636746140082, 0.5646258503391758, 0.5374149659851759, 0.4117647058820019, 0.34782608695484146, 0.6841726618700114, 0.4015748031464443, 0.6524310118261154, 0.5570342205312604, 0.539358600581518, 0.50689655172239]","[0.3824273072058265, 0.6720647773265748, 0.4917012448122579, 0.4374999999996037, 0.4645161290292612, 0.7188208616774612, 0.28491620111572674, 0.7047551454927574, 0.4535603715163258, 0.4792746113977221, 0.5384615384595661]","[0.4022606377989497, 0.6136783728852642, 0.5135427947328098, 0.42424242374251075, 0.39779005475673823, 0.701068926886445, 0.33333333284559363, 0.6775844416701887, 0.49999999950438845, 0.5075445811190028, 0.5222024861771088]",validation
46,0.5344205153740819,0.8385410182995146,"[0.44207599629245403, 0.6214149139567469, 0.5053304904040398, 0.41666666666629726, 0.4504504504463923, 0.6047180667430353, 0.30136986301232255, 0.6249209361159868, 0.5692307692296745, 0.4816625916858639, 0.5312499999979249]","[0.3015170670036021, 0.6578947368407735, 0.4917012448122579, 0.4257246376807738, 0.3225806451592092, 0.7944066515489082, 0.36871508379682283, 0.7012065294530154, 0.4582043343646158, 0.510362694299196, 0.4981684981666734]","[0.35851183717261303, 0.6391347094303197, 0.49842271243279923, 0.42114695290469834, 0.3759398491349144, 0.6867036911127927, 0.33165829096067023, 0.6608695647186038, 0.5077186959029094, 0.4955974837759013, 0.5141776932603872]",validation
48,0.5369102452383916,0.8455122619195817,"[0.41079365079339, 0.6237218813893175, 0.5141612200424528, 0.4142480211078151, 0.38271604938035364, 0.6564417177909636, 0.366863905323273, 0.657162253903152, 0.5545454545444463, 0.5135135135119715, 0.5616438356138738]","[0.4089759797721814, 0.6174089068813413, 0.4896265560155817, 0.42663043478222223, 0.39999999999741936, 0.7278911564620348, 0.3463687150818639, 0.6870120652940476, 0.47213622290948587, 0.4430051813460026, 0.4505494505478002]","[0.40988279962644536, 0.6205493382576516, 0.5015940483833984, 0.4203480584020091, 0.39116719192679805, 0.6903225801459983, 0.3563218385788248, 0.6717557246906201, 0.5100334443184221, 0.47566063927886254, 0.4999999995039906]",validation
50,0.5269513257811528,0.8451388024399352,"[0.388633754305173, 0.6294820717118935, 0.5181818181806405, 0.40276301806545933, 0.41666666666377317, 0.686685962372875, 0.37185929648054344, 0.6310088016244881, 0.5205479452045881, 0.47695852534452315, 0.5691489361671854]","[0.4279393173195778, 0.639676113359029, 0.47302904564217213, 0.3432971014489644, 0.38709677419105104, 0.7173091458800323, 0.41340782122674075, 0.6614620298079052, 0.47058823529338917, 0.5362694300504242, 0.39194139193995625]","[0.4073405530508532, 0.6345381521091998, 0.49457700600755694, 0.3706601462020806, 0.4013377921401327, 0.70166358545166, 0.3915343910337197, 0.6458766453764758, 0.4943089425898976, 0.5048780482809696, 0.4642082424650929]",validation
52,0.5215984065728868,0.8382920453130835,"[0.3930029154516659, 0.6480686695265063, 0.47810218978014946, 0.40480591497189944, 0.39010989010774666, 0.7034834324547974, 0.30917874395985906, 0.6312703583057777, 0.5357142857132228, 0.46954314720693013, 0.5695067264548452]","[0.42604298356483816, 0.6113360323874265, 0.5435684647291628, 0.39673913043442327, 0.458064516126077, 0.6258503401355814, 0.35754189943934334, 0.687721788501996, 0.41795665634610224, 0.4792746113977221, 0.4652014651997612]","[0.40885653574563696, 0.6291666661657813, 0.5087378635787351, 0.40073192996628976, 0.42136498466391364, 0.6623999995011753, 0.33160621711749316, 0.6582880429787296, 0.46956521689811115, 0.47435897385781073, 0.5120967736965644]",validation
54,0.529067596165816,0.8414042076434707,"[0.39637305699456193, 0.6447368421038493, 0.489908256879835, 0.4032997250225451, 0.4277108433709174, 0.6610407876226012, 0.4025974025947884, 0.6424322537999719, 0.5315985130101644, 0.4921874999987183, 0.5318181818157645]","[0.3868520859668857, 0.5951417004036536, 0.5539419087125437, 0.39855072463732016, 0.458064516126077, 0.7105064247916021, 0.3463687150818639, 0.6898509581258412, 0.44272445820364903, 0.4896373056982134, 0.42857142856985875]","[0.39155470199502496, 0.6189473679205495, 0.5199610511074901, 0.4009111612308595, 0.4423676007439369, 0.6848816024145412, 0.37237237187295413, 0.6652977407732785, 0.4831081076114523, 0.49090909040781927, 0.47464502992981666]",validation
56,0.5260799203286444,0.8380430723266525,"[0.3933130699085755, 0.6493506493492438, 0.464412811387074, 0.40872560275498426, 0.3891891891870855, 0.6719538572453699, 0.3511904761883858, 0.6022458628838048, 0.5510597302494199, 0.5236593059920389, 0.5688888888863605]","[0.4089759797721814, 0.6072874493914833, 0.5414937759324865, 0.3224637681156499, 0.4645161290292612, 0.7044595616018863, 0.32960893854564466, 0.7232079488994158, 0.44272445820364903, 0.43005181347038846, 0.4688644688627514]","[0.4009916325956967, 0.6276150622607535, 0.499999999501978, 0.360506328620518, 0.42352941126610727, 0.6878228777285534, 0.3400576363861506, 0.6572073519706865, 0.4909871239686183, 0.4722617349231034, 0.514056224402179]",validation
58,0.5253330013693515,0.8382920453130835,"[0.3993548387094198, 0.6015936254968096, 0.49193548386997593, 0.38181818181787996, 0.375690607732731, 0.6611796982162818, 0.39655172413451245, 0.6589147286817062, 0.5842956120078885, 0.4865591397836383, 0.5186721991679724]","[0.3912768647279448, 0.6113360323874265, 0.5062240663889912, 0.4374999999996037, 0.4387096774165245, 0.7286470143607493, 0.25698324022202806, 0.6635911994317505, 0.39164086687245875, 0.4689119170972308, 0.4578754578737807]","[0.39527458442955715, 0.6064257023100595, 0.4989775046115565, 0.40776698979322723, 0.40476190426248937, 0.6932757995725962, 0.31186440630035056, 0.6612446953976998, 0.46895273353159006, 0.4775725588656651, 0.4863813224572439]",validation
